data,produto,preco,quantidade,receita,custos
2022-01-01,Produto D,466.74,43,20069.82,9450.24
2022-01-02,Produto E,286.92,1,286.92,173.01
2022-01-03,Produto C,351.36,51,17919.36,12023.08
2022-01-04,Produto E,462.02,24,11088.48,5477.87
2022-01-05,Produto E,356.55,99,35298.450000000004,25848.19
2022-01-06,Produto B,84.74,24,2033.7599999999998,1256.72
2022-01-07,Produto C,292.38,17,4970.46,2316.72
2022-01-08,Produto C,307.29,5,1536.45,972.87
2022-01-09,Produto C,217.82,20,4356.4,3484.62
2022-01-10,Produto E,370.86,21,7788.06,3584.13
2022-01-11,Produto D,467.84,58,27134.719999999998,19718.88
2022-01-12,Produto C,463.53,31,14369.429999999998,6939.34
2022-01-13,Produto E,230.91,11,2540.0099999999998,1810.91
2022-01-14,Produto B,65.49,52,3405.4799999999996,2362.83
2022-01-15,Produto D,492.57,15,7388.55,3843.49
2022-01-16,Produto B,421.06,83,34947.98,18533.94
2022-01-17,Produto D,71.08,7,497.56,356.75
2022-01-18,Produto E,461.21,28,12913.88,7549.17
2022-01-19,Produto A,436.25,51,22248.75,15403.42
2022-01-20,Produto D,264.23,58,15325.34,7037.3
2022-01-21,Produto B,299.72,5,1498.6000000000001,1110.5
2022-01-22,Produto E,205.51,5,1027.55,703.21
2022-01-23,Produto D,36.83,94,3462.02,2640.75
2022-01-24,Produto A,174.25,96,16728.0,7576.93
2022-01-25,Produto A,403.4,8,3227.2,2056.39
2022-01-26,Produto C,12.27,64,785.28,502.3
2022-01-27,Produto C,173.41,10,1734.1,938.81
2022-01-28,Produto B,205.1,38,7793.8,4546.8
2022-01-29,Produto D,273.32,96,26238.72,10894.12
2022-01-30,Produto D,460.73,92,42387.16,29600.82
2022-01-31,Produto C,179.71,81,14556.51,9021.09
2022-02-01,Produto D,180.01,95,17100.95,7235.35
2022-02-02,Produto D,371.38,8,2971.04,1997.44
2022-02-03,Produto A,231.59,25,5789.75,3396.92
2022-02-04,Produto C,120.06,73,8764.380000000001,3626.56
2022-02-05,Produto E,231.7,66,15292.199999999999,12047.85
2022-02-06,Produto C,79.02,79,6242.58,4867.0
2022-02-07,Produto E,96.43,50,4821.5,2917.78
2022-02-08,Produto A,254.2,67,17031.399999999998,7450.71
2022-02-09,Produto B,215.27,49,10548.230000000001,7403.26
2022-02-10,Produto D,458.27,36,16497.72,9845.38
2022-02-11,Produto A,187.57,68,12754.76,6644.96
2022-02-12,Produto D,294.49,78,22970.22,13703.28
2022-02-13,Produto B,319.81,41,13112.210000000001,7985.04
2022-02-14,Produto B,16.42,89,1461.38,913.49
2022-02-15,Produto A,335.13,62,20778.06,11978.33
2022-02-16,Produto B,97.24,10,972.4,624.57
2022-02-17,Produto E,480.92,21,10099.32,7751.17
2022-02-18,Produto B,82.84,36,2982.2400000000002,1625.04
2022-02-19,Produto D,213.17,12,2558.04,1765.78
2022-02-20,Produto D,51.82,91,4715.62,3573.41
2022-02-21,Produto D,498.47,2,996.94,580.61
2022-02-22,Produto D,256.08,13,3329.04,1922.13
2022-02-23,Produto E,301.74,53,15992.220000000001,10248.56
2022-02-24,Produto C,42.87,32,1371.84,873.26
2022-02-25,Produto A,377.48,95,35860.6,25914.15
2022-02-26,Produto D,112.85,16,1805.6,1066.38
2022-02-27,Produto B,450.05,32,14401.6,11498.95
2022-02-28,Produto D,110.52,32,3536.64,1498.79
2022-03-01,Produto B,103.44,98,10137.119999999999,4067.69
2022-03-02,Produto B,27.91,11,307.01,201.42
2022-03-03,Produto D,241.31,10,2413.1,1253.3
2022-03-04,Produto E,286.77,15,4301.549999999999,2134.23
2022-03-05,Produto B,42.2,17,717.4000000000001,376.46
2022-03-06,Produto B,390.01,40,15600.4,7837.94
2022-03-07,Produto D,232.11,18,4177.9800000000005,1722.65
2022-03-08,Produto B,266.95,55,14682.25,11578.62
2022-03-09,Produto B,225.97,73,16495.81,8054.87
2022-03-10,Produto D,206.37,25,5159.25,3578.52
2022-03-11,Produto D,284.22,59,16768.980000000003,11822.78
2022-03-12,Produto A,86.07,78,6713.459999999999,5180.8
2022-03-13,Produto E,99.14,89,8823.460000000001,3637.2
2022-03-14,Produto E,432.27,22,9509.939999999999,7121.23
2022-03-15,Produto B,473.6,30,14208.0,8679.53
2022-03-16,Produto E,192.92,84,16205.279999999999,10582.33
2022-03-17,Produto B,142.66,85,12126.1,7976.4
2022-03-18,Produto A,325.56,44,14324.64,10427.18
2022-03-19,Produto D,210.28,32,6728.96,3588.98
2022-03-20,Produto D,22.44,51,1144.44,793.35
2022-03-21,Produto D,86.51,46,3979.46,2433.17
2022-03-22,Produto E,360.83,21,7577.429999999999,5435.73
2022-03-23,Produto A,332.87,99,32954.13,26238.69
2022-03-24,Produto E,23.28,32,744.96,357.77
2022-03-25,Produto E,118.77,94,11164.38,8907.61
2022-03-26,Produto A,123.23,39,4805.97,2095.04
2022-03-27,Produto A,339.23,12,4070.76,1632.08
2022-03-28,Produto A,19.66,47,924.02,385.93
2022-03-29,Produto A,61.01,18,1098.18,589.41
2022-03-30,Produto D,401.96,21,8441.16,5513.45
2022-03-31,Produto C,97.49,13,1267.37,541.94
2022-04-01,Produto C,329.85,21,6926.85,2786.44
2022-04-02,Produto A,126.71,8,1013.68,785.44
2022-04-03,Produto C,58.73,46,2701.58,1968.83
2022-04-04,Produto C,129.15,7,904.0500000000001,654.24
2022-04-05,Produto A,363.91,23,8369.93,6309.0
2022-04-06,Produto C,429.29,96,41211.840000000004,28024.62
2022-04-07,Produto E,416.81,75,31260.75,13809.8
2022-04-08,Produto B,204.62,86,17597.32,9848.17
2022-04-09,Produto B,337.36,22,7421.92,5115.63
2022-04-10,Produto A,110.44,89,9829.16,5033.84
2022-04-11,Produto D,153.64,22,3380.08,2281.43
2022-04-12,Produto A,449.2,92,41326.4,16935.53
2022-04-13,Produto D,16.37,29,474.73,248.03
2022-04-14,Produto B,51.9,13,674.6999999999999,418.08
2022-04-15,Produto A,111.86,82,9172.52,5988.15
2022-04-16,Produto E,23.0,2,46.0,29.02
2022-04-17,Produto C,98.9,29,2868.1000000000004,1947.73
2022-04-18,Produto D,295.69,85,25133.65,10114.67
2022-04-19,Produto C,216.5,79,17103.5,7531.98
2022-04-20,Produto C,447.41,52,23265.32,17392.63
2022-04-21,Produto A,410.55,27,11084.85,7456.77
2022-04-22,Produto C,177.49,50,8874.5,3950.68
2022-04-23,Produto E,137.12,95,13026.4,9598.24
2022-04-24,Produto C,196.05,79,15487.95,7695.85
2022-04-25,Produto A,299.24,23,6882.52,4069.66
2022-04-26,Produto E,141.35,88,12438.8,5697.95
2022-04-27,Produto B,315.83,44,13896.519999999999,9505.83
2022-04-28,Produto C,210.61,77,16216.970000000001,10812.53
2022-04-29,Produto A,280.5,22,6171.0,2989.51
2022-04-30,Produto B,223.7,43,9619.1,7169.7
2022-05-01,Produto B,154.29,37,5708.73,3199.87
2022-05-02,Produto D,474.74,61,28959.14,14972.05
2022-05-03,Produto E,384.17,97,37264.49,17176.39
2022-05-04,Produto C,78.66,56,4404.96,2230.97
2022-05-05,Produto A,435.55,3,1306.65,534.17
2022-05-06,Produto D,248.84,63,15676.92,9928.24
2022-05-07,Produto E,448.33,19,8518.27,6277.05
2022-05-08,Produto D,401.93,23,9244.39,5727.75
2022-05-09,Produto E,218.35,29,6332.15,3088.25
2022-05-10,Produto E,21.01,30,630.3000000000001,260.61
2022-05-11,Produto C,141.65,39,5524.35,2684.01
2022-05-12,Produto E,275.4,25,6884.999999999999,3900.0
2022-05-13,Produto D,320.4,8,2563.2,1804.09
2022-05-14,Produto E,136.36,58,7908.880000000001,3757.8
2022-05-15,Produto C,78.28,16,1252.48,861.6
2022-05-16,Produto C,419.12,72,30176.64,22535.11
2022-05-17,Produto D,492.36,1,492.36,286.35
2022-05-18,Produto B,267.59,5,1337.9499999999998,974.79
2022-05-19,Produto B,94.12,3,282.36,175.59
2022-05-20,Produto E,143.43,65,9322.95,6105.01
2022-05-21,Produto A,19.01,4,76.04,46.42
2022-05-22,Produto E,458.01,99,45342.99,26537.85
2022-05-23,Produto D,67.7,96,6499.200000000001,3209.7
2022-05-24,Produto D,292.49,64,18719.36,9757.98
2022-05-25,Produto D,144.29,98,14140.42,7296.29
2022-05-26,Produto D,281.55,89,25057.95,15669.13
2022-05-27,Produto D,329.2,10,3292.0,1474.76
2022-05-28,Produto C,416.57,21,8747.97,6707.21
2022-05-29,Produto B,111.15,46,5112.900000000001,3519.02
2022-05-30,Produto D,15.39,91,1400.49,785.08
2022-05-31,Produto A,77.07,27,2080.89,964.39
2022-06-01,Produto A,451.01,66,29766.66,22408.25
2022-06-02,Produto A,438.21,41,17966.61,13106.84
2022-06-03,Produto A,302.73,13,3935.4900000000002,2710.33
2022-06-04,Produto C,304.25,9,2738.25,1392.73
2022-06-05,Produto A,335.87,36,12091.32,6782.97
2022-06-06,Produto D,95.93,86,8249.980000000001,3639.06
2022-06-07,Produto E,458.06,90,41225.4,19607.45
2022-06-08,Produto A,215.2,58,12481.599999999999,8901.96
2022-06-09,Produto C,197.74,54,10677.960000000001,7325.25
2022-06-10,Produto C,264.27,12,3171.24,2021.33
2022-06-11,Produto A,33.01,81,2673.81,2027.53
2022-06-12,Produto E,91.48,78,7135.4400000000005,4518.92
2022-06-13,Produto A,371.64,14,5202.96,3053.03
2022-06-14,Produto C,50.57,34,1719.38,921.84
2022-06-15,Produto B,305.54,53,16193.62,12569.15
2022-06-16,Produto D,130.22,20,2604.4,1127.93
2022-06-17,Produto C,200.75,75,15056.25,11628.77
2022-06-18,Produto A,151.46,16,2423.36,1770.71
2022-06-19,Produto D,184.28,95,17506.6,7912.49
2022-06-20,Produto A,362.33,70,25363.1,15877.14
2022-06-21,Produto A,155.59,56,8713.04,6505.32
2022-06-22,Produto B,287.54,83,23865.820000000003,15005.01
2022-06-23,Produto D,243.26,58,14109.08,10763.53
2022-06-24,Produto D,335.2,4,1340.8,1042.06
2022-06-25,Produto B,469.05,4,1876.2,1067.47
2022-06-26,Produto C,368.96,20,7379.2,4065.39
2022-06-27,Produto A,115.32,10,1153.1999999999998,893.19
2022-06-28,Produto E,25.28,24,606.72,406.54
2022-06-29,Produto A,138.51,99,13712.49,6121.38
2022-06-30,Produto A,301.59,26,7841.339999999999,3269.19
2022-07-01,Produto C,35.2,37,1302.4,815.11
2022-07-02,Produto A,253.22,85,21523.7,16617.77
2022-07-03,Produto B,302.45,54,16332.3,12048.33
2022-07-04,Produto B,173.78,21,3649.38,2446.32
2022-07-05,Produto D,387.75,74,28693.5,13074.09
2022-07-06,Produto E,62.23,38,2364.74,1186.37
2022-07-07,Produto A,46.82,46,2153.72,1615.73
2022-07-08,Produto A,366.81,4,1467.24,694.18
2022-07-09,Produto C,252.79,60,15167.4,7756.24
2022-07-10,Produto B,347.32,57,19797.239999999998,8945.19
2022-07-11,Produto E,223.07,45,10038.15,6730.01
2022-07-12,Produto D,130.74,20,2614.8,2033.25
2022-07-13,Produto B,411.36,17,6993.12,3549.62
2022-07-14,Produto D,401.71,71,28521.41,16832.27
2022-07-15,Produto C,350.4,4,1401.6,916.28
2022-07-16,Produto C,143.35,93,13331.55,10662.39
2022-07-17,Produto A,299.21,14,4188.94,1851.19
2022-07-18,Produto E,186.88,3,560.64,336.06
2022-07-19,Produto D,54.88,88,4829.4400000000005,2675.74
2022-07-20,Produto B,459.48,80,36758.4,27433.83
2022-07-21,Produto C,77.04,58,4468.320000000001,2638.04
2022-07-22,Produto A,475.62,55,26159.1,11624.87
2022-07-23,Produto A,228.54,4,914.16,597.65
2022-07-24,Produto D,100.72,24,2417.2799999999997,1712.19
2022-07-25,Produto C,275.53,34,9368.019999999999,3758.0
2022-07-26,Produto E,437.74,30,13132.2,9764.88
2022-07-27,Produto C,368.79,82,30240.780000000002,14346.5
2022-07-28,Produto D,405.21,19,7698.99,4779.75
2022-07-29,Produto D,332.8,31,10316.800000000001,5842.6
2022-07-30,Produto C,349.22,60,20953.2,14412.9
2022-07-31,Produto D,426.11,60,25566.600000000002,14022.38
2022-08-01,Produto C,132.34,19,2514.46,1880.58
2022-08-02,Produto B,249.82,49,12241.18,8473.33
2022-08-03,Produto C,118.39,63,7458.57,4915.83
2022-08-04,Produto C,493.96,83,40998.68,29457.4
2022-08-05,Produto D,472.59,22,10396.98,7294.62
2022-08-06,Produto D,29.32,24,703.6800000000001,291.59
2022-08-07,Produto A,355.73,76,27035.480000000003,15082.93
2022-08-08,Produto A,463.37,30,13901.1,10736.14
2022-08-09,Produto B,98.48,58,5711.84,2571.98
2022-08-10,Produto A,288.29,31,8936.99,6209.77
2022-08-11,Produto C,458.59,64,29349.76,23181.52
2022-08-12,Produto D,26.63,19,505.96999999999997,212.95
2022-08-13,Produto A,351.74,48,16883.52,11360.54
2022-08-14,Produto A,155.7,45,7006.499999999999,4114.65
2022-08-15,Produto B,462.95,94,43517.299999999996,27488.58
2022-08-16,Produto B,485.82,55,26720.1,11600.17
2022-08-17,Produto C,472.69,55,25997.95,10846.42
2022-08-18,Produto D,242.36,97,23508.920000000002,15674.49
2022-08-19,Produto B,432.4,18,7783.2,5676.47
2022-08-20,Produto A,423.83,63,26701.289999999997,19032.84
2022-08-21,Produto D,166.36,92,15305.12,9451.25
2022-08-22,Produto D,416.17,47,19559.99,8605.35
2022-08-23,Produto A,28.13,75,2109.75,1424.54
2022-08-24,Produto B,302.17,57,17223.690000000002,8555.96
2022-08-25,Produto A,122.7,45,5521.5,4220.79
2022-08-26,Produto D,69.08,33,2279.64,1676.23
2022-08-27,Produto E,47.71,17,811.07,554.57
2022-08-28,Produto E,351.18,70,24582.600000000002,19163.08
2022-08-29,Produto C,176.54,4,706.16,291.34
2022-08-30,Produto A,365.14,20,7302.799999999999,5071.65
2022-08-31,Produto A,42.02,47,1974.94,1050.86
2022-09-01,Produto C,164.49,91,14968.59,11412.45
2022-09-02,Produto C,274.35,15,4115.25,2085.07
2022-09-03,Produto C,397.45,70,27821.5,19195.24
2022-09-04,Produto D,166.19,47,7810.93,5866.47
2022-09-05,Produto A,316.69,78,24701.82,10292.33
2022-09-06,Produto D,444.13,75,33309.75,18622.12
2022-09-07,Produto C,311.77,9,2805.93,1977.97
2022-09-08,Produto A,124.15,90,11173.5,6502.61
2022-09-09,Produto D,21.96,16,351.36,178.1
2022-09-10,Produto D,436.35,69,30108.15,14690.43
2022-09-11,Produto C,20.42,61,1245.6200000000001,563.78
2022-09-12,Produto A,438.6,10,4386.0,3258.15
2022-09-13,Produto C,269.18,50,13459.0,8481.08
2022-09-14,Produto A,470.14,3,1410.42,607.26
2022-09-15,Produto E,401.4,77,30907.8,17093.01
2022-09-16,Produto B,498.99,94,46905.06,25661.45
2022-09-17,Produto B,181.85,70,12729.5,6017.18
2022-09-18,Produto B,385.92,81,31259.52,17949.31
2022-09-19,Produto C,206.95,51,10554.449999999999,5623.83
2022-09-20,Produto E,245.14,19,4657.66,2499.87
2022-09-21,Produto A,317.48,42,13334.16,9275.38
2022-09-22,Produto D,438.1,35,15333.5,7502.76
2022-09-23,Produto A,492.2,46,22641.2,14869.47
2022-09-24,Produto D,386.45,26,10047.699999999999,6312.57
2022-09-25,Produto A,214.71,69,14814.99,9292.51
2022-09-26,Produto E,216.46,93,20130.780000000002,13391.05
2022-09-27,Produto D,371.42,64,23770.88,14722.56
2022-09-28,Produto C,127.0,37,4699.0,3532.25
2022-09-29,Produto A,64.13,84,5386.92,3610.49
2022-09-30,Produto A,183.76,49,9004.24,5571.69
2022-10-01,Produto D,150.75,21,3165.75,2317.03
2022-10-02,Produto C,155.19,74,11484.06,7378.03
2022-10-03,Produto C,124.47,64,7966.08,4114.14
2022-10-04,Produto E,30.63,5,153.15,73.95
2022-10-05,Produto C,18.76,70,1313.2,605.29
2022-10-06,Produto C,493.98,90,44458.200000000004,33778.54
2022-10-07,Produto C,219.61,4,878.44,600.9
2022-10-08,Produto B,198.32,39,7734.48,5993.85
2022-10-09,Produto E,343.03,35,12006.05,7699.68
2022-10-10,Produto A,116.94,1,116.94,68.92
2022-10-11,Produto D,475.48,24,11411.52,4837.19
2022-10-12,Produto A,395.31,57,22532.670000000002,15066.63
2022-10-13,Produto E,53.81,70,3766.7000000000003,2383.88
2022-10-14,Produto D,214.61,41,8799.01,7004.75
2022-10-15,Produto E,440.77,54,23801.579999999998,11797.57
2022-10-16,Produto C,472.92,46,21754.32,13320.06
2022-10-17,Produto D,239.03,60,14341.8,9471.08
2022-10-18,Produto C,310.57,60,18634.2,12258.26
2022-10-19,Produto A,91.85,57,5235.45,3269.63
2022-10-20,Produto A,495.67,31,15365.77,10921.55
2022-10-21,Produto D,123.52,84,10375.68,5001.0
2022-10-22,Produto D,471.94,24,11326.56,7818.17
2022-10-23,Produto E,328.33,89,29221.37,18932.35
2022-10-24,Produto E,307.79,36,11080.44,8403.74
2022-10-25,Produto C,261.22,85,22203.7,16405.82
2022-10-26,Produto D,123.03,30,3690.9,1941.63
2022-10-27,Produto A,96.5,24,2316.0,1182.31
2022-10-28,Produto E,118.04,30,3541.2000000000003,2806.97
2022-10-29,Produto E,101.35,86,8716.1,5324.72
2022-10-30,Produto A,392.0,92,36064.0,27501.27
2022-10-31,Produto E,181.56,7,1270.92,591.68
2022-11-01,Produto C,38.34,35,1341.9,881.8
2022-11-02,Produto D,484.86,55,26667.3,19305.63
2022-11-03,Produto A,443.06,92,40761.52,31751.52
2022-11-04,Produto D,464.6,14,6504.400000000001,3479.44
2022-11-05,Produto E,497.5,10,4975.0,3432.71
2022-11-06,Produto E,95.21,80,7616.799999999999,4688.33
2022-11-07,Produto A,204.16,16,3266.56,1385.84
2022-11-08,Produto C,381.54,54,20603.16,13927.73
2022-11-09,Produto B,351.05,95,33349.75,22545.72
2022-11-10,Produto A,85.41,89,7601.49,5870.2
2022-11-11,Produto B,409.76,77,31551.52,18896.99
2022-11-12,Produto B,119.98,70,8398.6,4132.95
2022-11-13,Produto C,119.67,44,5265.4800000000005,2200.05
2022-11-14,Produto B,273.12,73,19937.760000000002,11289.89
2022-11-15,Produto B,300.54,45,13524.300000000001,7043.0
2022-11-16,Produto C,294.24,56,16477.440000000002,11607.29
2022-11-17,Produto B,54.83,84,4605.72,2494.95
2022-11-18,Produto B,439.96,82,36076.72,28126.44
2022-11-19,Produto B,140.14,57,7987.98,6269.96
2022-11-20,Produto A,73.46,21,1542.6599999999999,1000.2
2022-11-21,Produto A,445.49,68,30293.32,23370.21
2022-11-22,Produto A,478.27,50,23913.5,16843.28
2022-11-23,Produto C,432.44,33,14270.52,8829.8
2022-11-24,Produto E,406.66,91,37006.060000000005,17471.42
2022-11-25,Produto B,331.07,7,2317.49,1352.11
2022-11-26,Produto B,279.92,70,19594.4,12233.76
2022-11-27,Produto C,52.62,15,789.3,588.49
2022-11-28,Produto B,210.14,82,17231.48,10210.23
2022-11-29,Produto A,192.62,32,6163.84,4678.79
2022-11-30,Produto E,137.28,75,10296.0,6895.64
2022-12-01,Produto D,364.48,20,7289.6,3315.31
2022-12-02,Produto B,252.98,88,22262.239999999998,17765.1
2022-12-03,Produto A,49.71,15,745.65,455.51
2022-12-04,Produto D,117.89,48,5658.72,3150.45
2022-12-05,Produto E,344.8,71,24480.8,16246.57
2022-12-06,Produto D,47.3,21,993.3,440.59
2022-12-07,Produto A,427.09,42,17937.78,11742.35
2022-12-08,Produto D,252.62,26,6568.12,3936.24
2022-12-09,Produto C,245.49,14,3436.86,1933.82
2022-12-10,Produto D,300.28,57,17115.96,13371.13
2022-12-11,Produto B,414.09,37,15321.33,9330.93
2022-12-12,Produto B,180.43,58,10464.94,5103.2
2022-12-13,Produto C,342.23,21,7186.83,4194.13
2022-12-14,Produto A,287.21,82,23551.219999999998,18081.57
2022-12-15,Produto B,140.84,69,9717.960000000001,4571.7
2022-12-16,Produto E,440.53,3,1321.59,641.74
2022-12-17,Produto B,400.74,87,34864.38,14127.46
2022-12-18,Produto B,332.64,90,29937.6,12144.97
2022-12-19,Produto A,426.79,37,15791.230000000001,11555.34
2022-12-20,Produto D,434.97,88,38277.36,26520.43
2022-12-21,Produto B,357.1,49,17497.9,9484.15
2022-12-22,Produto C,420.14,19,7982.66,5422.82
2022-12-23,Produto D,351.76,89,31306.64,17471.68
2022-12-24,Produto E,343.27,85,29177.949999999997,22792.61
2022-12-25,Produto A,313.12,12,3757.44,2956.43
2022-12-26,Produto E,378.83,61,23108.629999999997,12874.22
2022-12-27,Produto D,87.72,41,3596.52,2667.5
2022-12-28,Produto D,441.63,33,14573.789999999999,10336.25
2022-12-29,Produto D,437.2,50,21860.0,11454.64
2022-12-30,Produto E,24.33,68,1654.4399999999998,815.33
2022-12-31,Produto D,414.65,71,29440.149999999998,17172.26
2023-01-01,Produto E,73.15,86,6290.900000000001,4482.51
2023-01-02,Produto D,174.21,33,5748.93,4507.55
2023-01-03,Produto C,374.32,81,30319.92,21388.63
2023-01-04,Produto D,88.77,24,2130.48,1580.99
2023-01-05,Produto E,410.8,61,25058.8,16068.35
2023-01-06,Produto B,417.75,61,25482.75,18708.5
2023-01-07,Produto D,258.66,98,25348.680000000004,18093.09
2023-01-08,Produto B,13.13,28,367.64000000000004,202.49
2023-01-09,Produto C,150.65,58,8737.7,5424.33
2023-01-10,Produto A,312.29,43,13428.470000000001,9694.03
2023-01-11,Produto C,490.78,41,20121.98,8419.49
2023-01-12,Produto D,319.59,39,12464.009999999998,9014.37
2023-01-13,Produto B,137.3,86,11807.800000000001,5563.31
2023-01-14,Produto B,320.66,49,15712.340000000002,9519.69
2023-01-15,Produto E,274.59,17,4668.03,3376.43
2023-01-16,Produto B,392.12,98,38427.76,19272.61
2023-01-17,Produto E,62.42,70,4369.400000000001,2177.37
2023-01-18,Produto A,382.9,70,26803.0,15039.32
2023-01-19,Produto D,275.22,98,26971.56,20440.59
2023-01-20,Produto E,481.87,65,31321.55,12534.17
2023-01-21,Produto A,177.52,74,13136.480000000001,9990.99
2023-01-22,Produto B,319.98,85,27198.300000000003,12552.64
2023-01-23,Produto B,466.69,5,2333.45,1857.51
2023-01-24,Produto A,60.23,2,120.46,94.19
2023-01-25,Produto B,469.24,22,10323.28,6171.98
2023-01-26,Produto A,347.06,57,19782.420000000002,11970.11
2023-01-27,Produto E,43.24,66,2853.84,1691.24
2023-01-28,Produto E,157.47,74,11652.78,7622.99
2023-01-29,Produto A,357.0,98,34986.0,15264.0
2023-01-30,Produto E,43.0,16,688.0,284.18
2023-01-31,Produto E,295.26,51,15058.26,6370.87
2023-02-01,Produto E,179.48,39,6999.719999999999,4044.06
2023-02-02,Produto C,314.25,86,27025.5,13788.93
2023-02-03,Produto D,32.41,76,2463.16,1598.14
2023-02-04,Produto B,437.05,88,38460.4,30652.05
2023-02-05,Produto C,487.01,40,19480.4,10802.45
2023-02-06,Produto E,484.75,38,18420.5,11596.38
2023-02-07,Produto A,377.33,60,22639.8,12819.6
2023-02-08,Produto E,73.74,59,4350.66,3214.74
2023-02-09,Produto D,381.55,10,3815.5,2903.19
2023-02-10,Produto E,22.05,99,2182.9500000000003,1639.27
2023-02-11,Produto A,20.84,64,1333.76,1053.34
2023-02-12,Produto D,168.57,63,10619.91,4364.86
2023-02-13,Produto E,249.44,49,12222.56,8994.91
2023-02-14,Produto D,387.5,64,24800.0,17377.58
2023-02-15,Produto B,344.81,32,11033.92,5422.93
2023-02-16,Produto B,228.49,7,1599.43,1251.6
2023-02-17,Produto E,144.08,21,3025.6800000000003,1389.61
2023-02-18,Produto D,498.59,20,9971.8,6699.25
2023-02-19,Produto A,218.83,26,5689.58,2787.64
2023-02-20,Produto E,231.18,68,15720.24,9000.66
2023-02-21,Produto B,90.18,86,7755.4800000000005,5333.16
2023-02-22,Produto B,399.46,15,5991.9,3746.91
2023-02-23,Produto E,349.9,85,29741.499999999996,16982.42
2023-02-24,Produto D,118.18,79,9336.220000000001,4953.19
2023-02-25,Produto B,50.37,86,4331.82,3187.63
2023-02-26,Produto D,343.44,92,31596.48,14456.2
2023-02-27,Produto B,330.71,14,4629.94,2648.52
2023-02-28,Produto B,143.9,27,3885.3,2958.67
2023-03-01,Produto C,475.92,40,19036.8,14055.63
2023-03-02,Produto B,84.02,58,4873.16,2730.81
2023-03-03,Produto A,221.84,28,6211.52,4380.63
2023-03-04,Produto E,472.37,26,12281.62,8956.55
2023-03-05,Produto E,215.67,63,13587.21,10265.88
2023-03-06,Produto D,322.88,66,21310.079999999998,13165.42
2023-03-07,Produto B,204.82,25,5120.5,2466.98
2023-03-08,Produto A,144.37,3,433.11,217.47
2023-03-09,Produto D,492.15,72,35434.799999999996,18365.07
2023-03-10,Produto C,210.57,44,9265.08,5906.68
2023-03-11,Produto D,448.11,97,43466.67,17957.12
2023-03-12,Produto D,122.68,42,5152.56,3371.92
2023-03-13,Produto B,114.42,99,11327.58,6181.93
2023-03-14,Produto C,25.26,6,151.56,78.52
2023-03-15,Produto D,329.32,39,12843.48,9655.71
2023-03-16,Produto A,190.58,52,9910.16,5787.54
2023-03-17,Produto A,433.54,23,9971.42,4367.69
2023-03-18,Produto E,241.87,89,21526.43,15729.33
2023-03-19,Produto C,484.41,50,24220.5,10149.76
2023-03-20,Produto C,100.91,43,4339.13,2997.04
2023-03-21,Produto E,435.63,19,8276.97,5873.03
2023-03-22,Produto D,390.53,69,26946.57,14579.2
2023-03-23,Produto C,387.75,51,19775.25,14434.25
2023-03-24,Produto A,423.94,11,4663.34,2827.21
2023-03-25,Produto A,382.9,12,4594.799999999999,2689.42
2023-03-26,Produto B,316.85,74,23446.9,9804.59
2023-03-27,Produto C,74.31,8,594.48,306.76
2023-03-28,Produto D,25.94,24,622.5600000000001,480.87
2023-03-29,Produto E,461.22,92,42432.240000000005,23623.28
2023-03-30,Produto E,312.16,41,12798.560000000001,7918.22
2023-03-31,Produto D,400.3,36,14410.800000000001,8831.06
2023-04-01,Produto B,245.95,85,20905.75,13299.66
2023-04-02,Produto E,67.48,72,4858.56,2062.62
2023-04-03,Produto C,71.34,55,3923.7000000000003,2137.91
2023-04-04,Produto B,345.93,9,3113.37,2145.89
2023-04-05,Produto C,220.85,47,10379.949999999999,4984.7
2023-04-06,Produto A,108.26,15,1623.9,781.8
2023-04-07,Produto B,250.88,48,12042.24,4865.5
2023-04-08,Produto E,41.46,82,3399.7200000000003,1954.81
2023-04-09,Produto B,295.17,42,12397.140000000001,9336.21
2023-04-10,Produto B,141.81,60,8508.6,3580.08
2023-04-11,Produto B,400.8,84,33667.200000000004,16040.65
2023-04-12,Produto B,162.08,70,11345.6,5945.48
2023-04-13,Produto C,233.06,12,2796.7200000000003,1937.26
2023-04-14,Produto A,15.69,2,31.38,20.59
2023-04-15,Produto D,45.5,7,318.5,180.39
2023-04-16,Produto B,202.32,80,16185.599999999999,11388.63
2023-04-17,Produto E,245.17,3,735.51,473.56
2023-04-18,Produto B,304.01,3,912.03,691.7
2023-04-19,Produto E,152.91,27,4128.57,3002.34
2023-04-20,Produto C,350.54,40,14021.6,7026.58
2023-04-21,Produto E,431.46,33,14238.179999999998,7241.19
2023-04-22,Produto D,392.13,92,36075.96,16239.33
2023-04-23,Produto A,29.41,1,29.41,15.73
2023-04-24,Produto E,245.45,8,1963.6,1570.52
2023-04-25,Produto E,61.42,32,1965.44,1105.17
2023-04-26,Produto A,128.6,48,6172.799999999999,3013.53
2023-04-27,Produto D,493.46,4,1973.84,1391.54
2023-04-28,Produto B,79.82,94,7503.079999999999,4629.31
2023-04-29,Produto E,254.46,70,17812.2,8190.77
2023-04-30,Produto A,312.9,19,5945.099999999999,3283.34
2023-05-01,Produto C,354.21,32,11334.72,6413.05
2023-05-02,Produto A,284.23,9,2558.07,1794.57
2023-05-03,Produto C,14.79,12,177.48,72.46
2023-05-04,Produto D,169.97,11,1869.67,949.06
2023-05-05,Produto B,263.68,46,12129.28,7362.94
2023-05-06,Produto A,53.05,16,848.8,430.8
2023-05-07,Produto E,181.81,1,181.81,118.43
2023-05-08,Produto D,26.27,63,1655.01,981.0
2023-05-09,Produto A,48.5,21,1018.5,554.76
2023-05-10,Produto E,204.49,30,6134.700000000001,4783.12
2023-05-11,Produto A,75.03,13,975.39,636.8
2023-05-12,Produto C,288.1,34,9795.400000000001,4427.29
2023-05-13,Produto A,347.84,4,1391.36,868.26
2023-05-14,Produto A,402.29,28,11264.12,8023.35
2023-05-15,Produto A,108.07,95,10266.65,7016.19
2023-05-16,Produto D,92.07,59,5432.129999999999,2546.78
2023-05-17,Produto A,61.24,27,1653.48,1304.54
2023-05-18,Produto E,321.85,69,22207.65,12869.9
2023-05-19,Produto C,356.17,25,8904.25,4128.1
2023-05-20,Produto C,25.48,3,76.44,36.09
2023-05-21,Produto A,468.74,97,45467.78,19973.72
2023-05-22,Produto D,35.47,68,2411.96,1740.01
2023-05-23,Produto D,275.24,25,6881.0,3088.28
2023-05-24,Produto E,357.44,20,7148.8,3217.32
2023-05-25,Produto A,436.77,34,14850.18,10991.93
2023-05-26,Produto C,359.9,26,9357.4,5032.8
2023-05-27,Produto D,402.85,5,2014.25,830.56
2023-05-28,Produto A,176.33,99,17456.670000000002,7345.04
2023-05-29,Produto D,409.26,61,24964.86,11405.65
2023-05-30,Produto D,49.26,92,4531.92,2199.6
2023-05-31,Produto C,448.46,93,41706.78,27779.15
2023-06-01,Produto B,278.32,9,2504.88,1159.59
2023-06-02,Produto E,410.48,50,20524.0,9185.51
2023-06-03,Produto E,231.64,6,1389.84,981.07
2023-06-04,Produto C,325.35,83,27004.050000000003,18050.1
2023-06-05,Produto D,267.94,60,16076.4,9229.94
2023-06-06,Produto A,368.48,44,16213.12,10047.66
2023-06-07,Produto D,50.0,11,550.0,288.64
2023-06-08,Produto C,39.57,66,2611.62,1548.69
2023-06-09,Produto E,131.08,47,6160.76,3712.9
2023-06-10,Produto D,88.18,73,6437.14,3571.94
2023-06-11,Produto E,437.17,85,37159.450000000004,28338.87
2023-06-12,Produto A,117.41,88,10332.08,4199.21
2023-06-13,Produto E,488.17,98,47840.66,34104.1
2023-06-14,Produto E,175.08,86,15056.880000000001,6771.88
2023-06-15,Produto B,99.24,3,297.71999999999997,214.07
2023-06-16,Produto B,396.95,76,30168.2,19499.66
2023-06-17,Produto B,332.77,92,30614.839999999997,22572.67
2023-06-18,Produto E,254.12,30,7623.6,3346.8
2023-06-19,Produto C,282.13,90,25391.7,15834.07
2023-06-20,Produto E,362.41,21,7610.610000000001,4569.68
2023-06-21,Produto C,121.94,28,3414.3199999999997,2330.2
2023-06-22,Produto C,498.2,90,44838.0,27517.81
2023-06-23,Produto B,487.65,62,30234.3,18633.21
2023-06-24,Produto D,328.66,33,10845.78,6202.03
2023-06-25,Produto A,107.78,85,9161.3,4796.25
2023-06-26,Produto B,343.31,35,12015.85,7124.27
2023-06-27,Produto B,45.38,52,2359.76,1055.75
2023-06-28,Produto D,25.02,34,850.68,667.45
2023-06-29,Produto A,136.26,41,5586.66,3831.13
2023-06-30,Produto E,236.69,51,12071.19,9427.44
2023-07-01,Produto E,435.45,47,20466.149999999998,10042.55
2023-07-02,Produto B,366.31,82,30037.420000000002,22580.22
2023-07-03,Produto A,373.93,58,21687.94,15691.57
2023-07-04,Produto B,218.49,75,16386.75,10993.23
2023-07-05,Produto C,179.51,57,10232.07,6650.96
2023-07-06,Produto B,191.81,23,4411.63,2323.25
2023-07-07,Produto B,493.95,48,23709.6,17226.55
2023-07-08,Produto E,29.65,22,652.3,391.78
2023-07-09,Produto E,434.85,17,7392.450000000001,3166.6
2023-07-10,Produto E,293.55,69,20254.95,10636.79
2023-07-11,Produto C,224.92,11,2474.12,1915.26
2023-07-12,Produto E,365.38,94,34345.72,25425.18
2023-07-13,Produto A,248.47,15,3727.05,2954.66
2023-07-14,Produto D,437.98,91,39856.18,25954.24
2023-07-15,Produto A,451.34,35,15796.9,7882.72
2023-07-16,Produto A,216.64,33,7149.12,3325.24
2023-07-17,Produto E,145.65,84,12234.6,5808.57
2023-07-18,Produto D,300.25,16,4804.0,1959.64
2023-07-19,Produto D,457.06,34,15540.04,8644.5
2023-07-20,Produto D,113.22,66,7472.5199999999995,3561.19
2023-07-21,Produto C,315.25,99,31209.75,17622.97
2023-07-22,Produto E,319.46,40,12778.4,9890.45
2023-07-23,Produto D,369.23,28,10338.44,5915.82
2023-07-24,Produto C,74.47,47,3500.09,2629.25
2023-07-25,Produto B,360.75,39,14069.25,9035.3
2023-07-26,Produto B,455.43,70,31880.100000000002,15903.47
2023-07-27,Produto C,98.04,73,7156.92,3881.5
2023-07-28,Produto C,126.4,20,2528.0,1096.06
2023-07-29,Produto E,485.98,1,485.98,259.21
2023-07-30,Produto E,98.68,72,7104.960000000001,4767.54
2023-07-31,Produto B,428.65,87,37292.549999999996,15992.7
2023-08-01,Produto D,251.22,63,15826.86,7631.09
2023-08-02,Produto B,131.14,67,8786.38,4855.15
2023-08-03,Produto D,436.67,4,1746.68,1384.8
2023-08-04,Produto D,228.2,58,13235.599999999999,9449.49
2023-08-05,Produto E,262.26,25,6556.5,4546.24
2023-08-06,Produto A,186.02,47,8742.94,3903.52
2023-08-07,Produto A,300.55,38,11420.9,8136.23
2023-08-08,Produto C,90.13,15,1351.9499999999998,965.44
2023-08-09,Produto E,201.63,63,12702.69,8135.32
2023-08-10,Produto D,485.01,21,10185.21,8108.9
2023-08-11,Produto A,136.49,99,13512.51,7163.0
2023-08-12,Produto D,331.8,57,18912.600000000002,14685.8
2023-08-13,Produto A,169.34,53,8975.02,6873.9
2023-08-14,Produto A,389.0,46,17894.0,7239.77
2023-08-15,Produto A,74.13,14,1037.82,601.98
2023-08-16,Produto E,485.21,76,36875.96,29163.05
2023-08-17,Produto B,232.36,17,3950.1200000000003,1742.98
2023-08-18,Produto D,125.66,39,4900.74,3034.12
2023-08-19,Produto E,46.01,9,414.09,327.79
2023-08-20,Produto E,93.18,99,9224.820000000002,5739.67
2023-08-21,Produto E,264.69,77,20381.13,9699.91
2023-08-22,Produto E,175.13,79,13835.27,8755.97
2023-08-23,Produto E,416.15,82,34124.299999999996,16440.28
2023-08-24,Produto C,221.13,97,21449.61,13038.83
2023-08-25,Produto D,131.87,6,791.22,339.92
2023-08-26,Produto E,312.4,91,28428.399999999998,18256.52
2023-08-27,Produto D,356.32,23,8195.36,4972.26
2023-08-28,Produto C,91.85,59,5419.15,3772.08
2023-08-29,Produto C,92.13,91,8383.83,5468.61
2023-08-30,Produto D,27.97,98,2741.06,1699.03
2023-08-31,Produto A,370.84,46,17058.64,11530.13
2023-09-01,Produto B,335.26,38,12739.88,5829.47
2023-09-02,Produto A,242.57,14,3395.98,2167.12
2023-09-03,Produto A,423.64,72,30502.079999999998,14300.72
2023-09-04,Produto A,404.78,62,25096.359999999997,19329.44
2023-09-05,Produto E,296.82,35,10388.699999999999,4439.44
2023-09-06,Produto C,435.45,19,8273.55,4733.71
2023-09-07,Produto A,110.86,30,3325.8,2255.95
2023-09-08,Produto C,64.84,78,5057.52,2949.59
2023-09-09,Produto D,142.18,84,11943.12,5217.21
2023-09-10,Produto B,37.97,25,949.25,589.82
2023-09-11,Produto D,270.27,40,10810.8,7098.94
2023-09-12,Produto D,468.94,88,41266.72,28123.97
2023-09-13,Produto E,29.28,14,409.92,225.17
2023-09-14,Produto B,69.83,26,1815.58,1135.58
2023-09-15,Produto D,231.58,87,20147.460000000003,11691.06
2023-09-16,Produto D,467.6,22,10287.2,6880.31
2023-09-17,Produto B,164.92,48,7916.16,5014.28
2023-09-18,Produto B,258.55,83,21459.65,13096.88
2023-09-19,Produto D,30.37,51,1548.8700000000001,774.14
2023-09-20,Produto B,82.69,3,248.07,99.43
2023-09-21,Produto D,493.45,42,20724.899999999998,9733.09
2023-09-22,Produto D,482.91,19,9175.29,4099.76
2023-09-23,Produto E,12.42,73,906.66,525.53
2023-09-24,Produto A,476.39,28,13338.92,8602.31
2023-09-25,Produto D,323.17,84,27146.280000000002,13172.3
2023-09-26,Produto C,435.28,45,19587.6,15192.59
2023-09-27,Produto A,232.82,71,16530.22,6656.27
2023-09-28,Produto A,262.64,78,20485.92,14522.89
2023-09-29,Produto A,249.53,63,15720.39,10219.54
2023-09-30,Produto E,336.76,73,24583.48,13506.7
2023-10-01,Produto D,78.43,19,1490.17,626.16
2023-10-02,Produto E,24.69,47,1160.43,755.43
2023-10-03,Produto D,160.89,14,2252.46,1248.42
2023-10-04,Produto E,355.29,38,13501.02,10456.63
2023-10-05,Produto E,108.91,53,5772.23,3560.29
2023-10-06,Produto C,339.98,61,20738.780000000002,16090.4
2023-10-07,Produto E,485.26,36,17469.36,8528.43
2023-10-08,Produto B,56.01,40,2240.4,1546.53
2023-10-09,Produto C,339.58,81,27505.98,17793.61
2023-10-10,Produto E,227.44,30,6823.2,4747.33
2023-10-11,Produto A,435.39,9,3918.5099999999998,1903.88
2023-10-12,Produto B,96.8,64,6195.2,4125.99
2023-10-13,Produto B,349.39,33,11529.869999999999,6908.88
2023-10-14,Produto B,420.68,52,21875.36,15249.97
2023-10-15,Produto C,472.86,89,42084.54,22339.23
2023-10-16,Produto E,344.79,14,4827.06,3649.37
2023-10-17,Produto E,253.62,75,19021.5,8250.01
2023-10-18,Produto A,312.75,53,16575.75,11982.21
2023-10-19,Produto A,435.76,99,43140.24,32119.11
2023-10-20,Produto B,289.6,59,17086.4,12420.12
2023-10-21,Produto A,24.89,78,1941.42,1174.73
2023-10-22,Produto C,466.16,94,43819.04,25211.46
2023-10-23,Produto E,347.87,41,14262.67,11388.81
2023-10-24,Produto B,341.49,68,23221.32,11417.2
2023-10-25,Produto A,115.68,68,7866.240000000001,4867.24
2023-10-26,Produto C,332.85,92,30622.2,20463.9
2023-10-27,Produto C,202.99,8,1623.92,1104.83
2023-10-28,Produto A,329.1,2,658.2,317.0
2023-10-29,Produto E,62.23,86,5351.78,3540.73
2023-10-30,Produto A,332.34,41,13625.939999999999,9910.8
2023-10-31,Produto B,499.71,55,27484.05,11543.51
2023-11-01,Produto A,33.62,16,537.92,411.3
2023-11-02,Produto C,488.82,93,45460.26,18720.61
2023-11-03,Produto A,209.38,62,12981.56,7041.05
2023-11-04,Produto E,436.67,48,20960.16,8516.64
2023-11-05,Produto D,393.37,30,11801.1,5084.6
2023-11-06,Produto A,287.84,12,3454.08,2640.53
2023-11-07,Produto E,371.84,35,13014.4,7053.08
2023-11-08,Produto E,440.47,11,4845.17,2761.3
2023-11-09,Produto C,208.03,64,13313.92,6472.4
2023-11-10,Produto E,170.25,50,8512.5,5438.11
2023-11-11,Produto E,337.12,85,28655.2,18279.76
2023-11-12,Produto E,405.84,21,8522.64,4677.91
2023-11-13,Produto E,383.52,69,26462.879999999997,14110.38
2023-11-14,Produto B,400.93,48,19244.64,14510.18
2023-11-15,Produto B,223.44,20,4468.8,2472.65
2023-11-16,Produto C,410.74,67,27519.58,16440.21
2023-11-17,Produto A,68.9,44,3031.6000000000004,1556.19
2023-11-18,Produto E,276.8,33,9134.4,6528.43
2023-11-19,Produto A,12.82,73,935.86,523.13
2023-11-20,Produto A,169.05,61,10312.050000000001,6243.37
2023-11-21,Produto C,189.57,9,1706.1299999999999,855.36
2023-11-22,Produto E,204.12,68,13880.16,11035.61
2023-11-23,Produto E,350.78,35,12277.3,6342.43
2023-11-24,Produto D,200.39,81,16231.589999999998,11496.79
2023-11-25,Produto A,229.86,98,22526.280000000002,12862.47
2023-11-26,Produto A,126.4,88,11123.2,5366.8
2023-11-27,Produto B,192.89,96,18517.44,13330.47
2023-11-28,Produto D,121.36,65,7888.4,4208.01
2023-11-29,Produto B,45.87,8,366.96,273.78
2023-11-30,Produto B,305.69,45,13756.05,10538.55
2023-12-01,Produto B,337.42,87,29355.54,21838.45
2023-12-02,Produto C,313.55,47,14736.85,6101.1
2023-12-03,Produto C,237.11,40,9484.400000000001,6780.87
2023-12-04,Produto B,196.1,76,14903.6,8413.62
2023-12-05,Produto D,433.03,54,23383.62,17525.77
2023-12-06,Produto A,264.35,76,20090.600000000002,13162.99
2023-12-07,Produto D,244.8,46,11260.800000000001,8259.32
2023-12-08,Produto E,22.56,47,1060.32,635.95
2023-12-09,Produto C,177.21,15,2658.15,1632.13
2023-12-10,Produto A,196.3,19,3729.7000000000003,1707.29
2023-12-11,Produto A,205.42,26,5340.92,3811.25
2023-12-12,Produto E,294.28,52,15302.559999999998,8688.12
2023-12-13,Produto E,271.47,93,25246.710000000003,15148.84
2023-12-14,Produto B,307.87,22,6773.14,4836.29
2023-12-15,Produto C,384.79,21,8080.59,5167.85
2023-12-16,Produto C,408.36,51,20826.36,10005.81
2023-12-17,Produto D,361.88,38,13751.44,8747.2
2023-12-18,Produto B,478.21,20,9564.199999999999,5385.15
2023-12-19,Produto B,18.93,29,548.97,322.69
2023-12-20,Produto B,105.93,51,5402.43,2222.15
2023-12-21,Produto B,13.71,4,54.84,26.54
2023-12-22,Produto C,327.26,55,17999.3,9223.12
2023-12-23,Produto C,450.03,71,31952.129999999997,21893.09
2023-12-24,Produto B,129.31,92,11896.52,4813.3
2023-12-25,Produto D,464.25,28,12999.0,7325.08
2023-12-26,Produto A,39.53,4,158.12,121.69
2023-12-27,Produto A,467.87,22,10293.14,4577.9
2023-12-28,Produto D,182.3,76,13854.800000000001,8403.9
2023-12-29,Produto B,59.7,45,2686.5,1919.8
2023-12-30,Produto C,248.08,67,16621.36,12915.0
2023-12-31,Produto A,135.82,86,11680.519999999999,8161.3
2024-01-01,Produto E,149.59,66,9872.94,6794.82
2024-01-02,Produto E,160.57,88,14130.16,10323.43
2024-01-03,Produto D,403.48,34,13718.32,7935.78
2024-01-04,Produto B,274.19,91,24951.29,18023.26
2024-01-05,Produto A,162.54,55,8939.699999999999,3604.36
2024-01-06,Produto B,309.06,1,309.06,237.92
2024-01-07,Produto A,360.91,72,25985.52,15002.03
2024-01-08,Produto D,143.59,87,12492.33,7762.14
2024-01-09,Produto D,212.64,38,8080.32,4055.94
2024-01-10,Produto E,69.72,6,418.32,291.57
2024-01-11,Produto B,98.76,86,8493.36,3657.7
2024-01-12,Produto E,343.75,25,8593.75,6437.19
2024-01-13,Produto B,98.9,82,8109.8,5930.26
2024-01-14,Produto E,267.33,17,4544.61,2210.61
2024-01-15,Produto C,357.43,61,21803.23,15779.65
2024-01-16,Produto C,62.37,12,748.4399999999999,534.79
2024-01-17,Produto C,287.98,6,1727.88,1128.11
2024-01-18,Produto C,135.72,90,12214.8,6710.91
2024-01-19,Produto A,481.83,27,13009.41,6616.58
2024-01-20,Produto C,246.94,8,1975.52,973.37
2024-01-21,Produto D,404.94,83,33610.02,17727.39
2024-01-22,Produto D,279.61,65,18174.65,13838.6
2024-01-23,Produto A,31.27,57,1782.3899999999999,768.31
2024-01-24,Produto C,320.24,93,29782.32,21787.21
2024-01-25,Produto C,476.19,99,47142.81,25436.19
2024-01-26,Produto C,304.79,40,12191.6,7420.29
2024-01-27,Produto E,411.4,14,5759.599999999999,4134.21
2024-01-28,Produto B,443.26,35,15514.1,11693.76
2024-01-29,Produto E,121.76,48,5844.4800000000005,3143.82
2024-01-30,Produto B,113.9,84,9567.6,5594.53
2024-01-31,Produto C,309.38,56,17325.28,9802.75
2024-02-01,Produto C,211.4,49,10358.6,4198.34
2024-02-02,Produto E,421.53,13,5479.889999999999,2840.65
2024-02-03,Produto E,451.01,61,27511.61,16057.86
2024-02-04,Produto B,183.18,49,8975.82,5066.29
2024-02-05,Produto D,126.07,46,5799.219999999999,3994.34
2024-02-06,Produto B,392.46,62,24332.52,13478.3
2024-02-07,Produto E,144.65,8,1157.2,689.4
2024-02-08,Produto E,413.08,43,17762.44,10157.33
2024-02-09,Produto A,217.63,20,4352.6,3030.5
2024-02-10,Produto E,337.1,97,32698.7,24366.71
2024-02-11,Produto A,56.81,90,5112.900000000001,3132.96
2024-02-12,Produto D,315.69,39,12311.91,8812.53
2024-02-13,Produto B,231.37,85,19666.45,10201.28
2024-02-14,Produto B,297.44,49,14574.56,8985.91
2024-02-15,Produto A,92.33,64,5909.12,3179.65
2024-02-16,Produto B,371.07,62,23006.34,13014.23
2024-02-17,Produto E,432.77,54,23369.579999999998,16194.31
2024-02-18,Produto C,116.2,9,1045.8,787.14
2024-02-19,Produto A,56.9,88,5007.2,2246.22
2024-02-20,Produto B,21.58,37,798.4599999999999,522.08
2024-02-21,Produto A,324.57,49,15903.93,10064.92
2024-02-22,Produto A,307.48,41,12606.68,5639.8
2024-02-23,Produto C,277.88,17,4723.96,2289.98
2024-02-24,Produto E,123.65,88,10881.2,5706.11
2024-02-25,Produto A,201.54,21,4232.34,1975.54
2024-02-26,Produto B,301.29,51,15365.79,7644.35
2024-02-27,Produto D,253.42,59,14951.779999999999,7581.16
2024-02-28,Produto A,494.01,39,19266.39,10293.45
2024-02-29,Produto A,76.86,55,4227.3,2958.08
2024-03-01,Produto C,350.62,41,14375.42,9038.76
2024-03-02,Produto E,208.12,39,8116.68,6448.69
2024-03-03,Produto D,219.82,13,2857.66,1617.13
2024-03-04,Produto B,361.62,64,23143.68,16236.36
2024-03-05,Produto D,349.29,11,3842.19,2876.21
2024-03-06,Produto B,495.72,19,9418.68,6325.5
2024-03-07,Produto E,72.91,11,802.01,452.93
2024-03-08,Produto B,61.01,77,4697.7699999999995,3295.19
2024-03-09,Produto C,364.93,46,16786.78,8082.28
2024-03-10,Produto C,293.41,45,13203.45,7011.31
2024-03-11,Produto C,144.34,1,144.34,89.3
2024-03-12,Produto C,48.92,40,1956.8000000000002,1233.1
2024-03-13,Produto D,51.97,19,987.43,403.72
2024-03-14,Produto E,448.15,76,34059.4,26499.77
2024-03-15,Produto B,104.01,72,7488.72,5082.23
2024-03-16,Produto B,168.45,72,12128.4,7256.2
2024-03-17,Produto C,121.06,61,7384.66,5710.19
2024-03-18,Produto C,183.95,12,2207.3999999999996,1270.66
2024-03-19,Produto A,44.02,61,2685.2200000000003,2127.16
2024-03-20,Produto E,264.34,33,8723.22,5276.8
2024-03-21,Produto D,43.13,45,1940.8500000000001,865.06
2024-03-22,Produto B,402.17,90,36195.3,25551.0
2024-03-23,Produto A,124.52,92,11455.84,7693.27
2024-03-24,Produto A,274.61,69,18948.09,13437.88
2024-03-25,Produto B,441.24,8,3529.92,2755.37
2024-03-26,Produto D,328.93,25,8223.25,5843.41
2024-03-27,Produto A,271.15,91,24674.649999999998,15903.67
2024-03-28,Produto A,168.92,46,7770.32,5772.75
2024-03-29,Produto E,173.17,87,15065.789999999999,10083.51
2024-03-30,Produto D,338.05,30,10141.5,5712.18
2024-03-31,Produto A,497.13,47,23365.11,17623.09
2024-04-01,Produto D,334.3,87,29084.100000000002,14215.15
2024-04-02,Produto B,283.31,49,13882.19,9521.19
2024-04-03,Produto C,368.02,47,17296.94,13018.12
2024-04-04,Produto A,237.95,84,19987.8,13842.08
2024-04-05,Produto E,39.47,82,3236.54,2197.32
2024-04-06,Produto B,285.53,18,5139.539999999999,3603.1
2024-04-07,Produto D,479.24,66,31629.84,18535.79
2024-04-08,Produto B,95.9,68,6521.200000000001,4888.74
2024-04-09,Produto A,348.1,94,32721.4,15751.25
2024-04-10,Produto D,108.46,33,3579.18,1614.05
2024-04-11,Produto C,272.56,36,9812.16,5045.45
2024-04-12,Produto B,57.37,82,4704.34,2882.02
2024-04-13,Produto A,230.68,19,4382.92,2648.27
2024-04-14,Produto E,380.52,28,10654.56,7759.07
2024-04-15,Produto D,180.31,40,7212.4,4052.12
2024-04-16,Produto B,335.81,84,28208.04,16748.18
2024-04-17,Produto B,399.77,97,38777.689999999995,15718.42
2024-04-18,Produto C,464.32,76,35288.32,19898.93
2024-04-19,Produto C,124.97,15,1874.55,1235.53
2024-04-20,Produto E,205.66,41,8432.06,3425.13
2024-04-21,Produto E,84.68,39,3302.5200000000004,1692.06
2024-04-22,Produto A,496.32,2,992.64,479.63
2024-04-23,Produto A,464.23,63,29246.49,12189.77
2024-04-24,Produto E,274.58,29,7962.82,4711.63
2024-04-25,Produto E,422.6,74,31272.4,14782.13
2024-04-26,Produto D,265.27,66,17507.82,12207.02
2024-04-27,Produto C,315.56,51,16093.56,11895.9
2024-04-28,Produto A,53.67,75,4025.25,2488.55
2024-04-29,Produto C,380.08,77,29266.16,23198.79
2024-04-30,Produto C,72.58,10,725.8,421.1
2024-05-01,Produto E,414.77,14,5806.78,3515.12
2024-05-02,Produto D,393.19,82,32241.579999999998,25654.21
2024-05-03,Produto B,357.28,51,18221.28,8976.16
2024-05-04,Produto D,27.72,73,2023.56,1572.34
2024-05-05,Produto D,158.53,39,6182.67,2579.01
2024-05-06,Produto C,138.93,28,3890.04,2250.6
2024-05-07,Produto D,186.47,3,559.41,239.43
2024-05-08,Produto A,52.94,84,4446.96,3075.94
2024-05-09,Produto C,469.11,70,32837.700000000004,21126.58
2024-05-10,Produto A,281.36,27,7596.72,5185.93
2024-05-11,Produto B,159.71,2,319.42,175.61
2024-05-12,Produto C,204.52,93,19020.36,10419.22
2024-05-13,Produto B,229.13,38,8706.94,3640.61
2024-05-14,Produto C,304.29,3,912.8700000000001,492.93
2024-05-15,Produto E,262.68,16,4202.88,3243.43
2024-05-16,Produto D,460.5,94,43287.0,23881.03
2024-05-17,Produto E,253.51,40,10140.4,7428.32
2024-05-18,Produto B,496.16,2,992.32,731.27
2024-05-19,Produto D,427.2,81,34603.2,19007.42
2024-05-20,Produto C,112.17,41,4598.97,3002.19
2024-05-21,Produto D,465.99,12,5591.88,2450.07
2024-05-22,Produto A,67.02,35,2345.7,1035.56
2024-05-23,Produto D,410.55,65,26685.75,11193.69
2024-05-24,Produto A,196.51,55,10808.05,6835.08
2024-05-25,Produto D,440.21,45,19809.45,11299.87
2024-05-26,Produto A,435.35,79,34392.65,21296.37
2024-05-27,Produto B,404.9,90,36441.0,22171.77
2024-05-28,Produto E,397.11,85,33754.35,18230.09
2024-05-29,Produto C,159.29,62,9875.98,6626.68
2024-05-30,Produto D,49.65,49,2432.85,1711.27
2024-05-31,Produto E,207.46,95,19708.7,7998.8
2024-06-01,Produto C,95.03,25,2375.75,1147.24
2024-06-02,Produto C,350.53,23,8062.19,5524.97
2024-06-03,Produto A,179.59,24,4310.16,2390.62
2024-06-04,Produto B,488.05,38,18545.9,12332.9
2024-06-05,Produto B,324.08,28,9074.24,4889.06
2024-06-06,Produto E,413.02,21,8673.42,4825.04
2024-06-07,Produto B,74.94,54,4046.7599999999998,1875.56
2024-06-08,Produto D,432.39,18,7783.0199999999995,3917.13
2024-06-09,Produto B,462.15,36,16637.399999999998,10683.95
2024-06-10,Produto E,248.66,99,24617.34,14112.27
2024-06-11,Produto B,307.06,45,13817.7,9806.71
2024-06-12,Produto D,384.76,73,28087.48,20813.78
2024-06-13,Produto A,95.67,53,5070.51,3126.77
2024-06-14,Produto E,256.26,30,7687.799999999999,5406.88
2024-06-15,Produto A,205.34,60,12320.4,6440.63
2024-06-16,Produto A,81.72,98,8008.5599999999995,4532.75
2024-06-17,Produto A,190.09,32,6082.88,4167.45
2024-06-18,Produto C,43.4,67,2907.7999999999997,1612.33
2024-06-19,Produto C,22.65,67,1517.55,964.25
2024-06-20,Produto A,76.23,28,2134.44,1012.04
2024-06-21,Produto E,481.93,44,21204.920000000002,13569.21
2024-06-22,Produto D,279.27,79,22062.329999999998,16427.73
2024-06-23,Produto D,483.25,41,19813.25,14809.53
2024-06-24,Produto B,221.92,63,13980.96,9643.2
2024-06-25,Produto E,162.79,23,3744.1699999999996,2614.56
2024-06-26,Produto C,258.01,75,19350.75,12058.83
2024-06-27,Produto A,225.36,48,10817.28,6856.72
2024-06-28,Produto B,61.78,32,1976.96,896.47
2024-06-29,Produto D,324.0,57,18468.0,10666.08
2024-06-30,Produto C,115.86,33,3823.38,2218.75
2024-07-01,Produto C,313.6,24,7526.400000000001,5896.18
2024-07-02,Produto A,328.6,39,12815.400000000001,7335.98
2024-07-03,Produto D,84.49,34,2872.66,1780.29
2024-07-04,Produto E,40.06,56,2243.36,1375.85
2024-07-05,Produto C,392.57,28,10991.96,7196.49
2024-07-06,Produto A,235.3,37,8706.1,6088.12
2024-07-07,Produto E,38.5,7,269.5,132.06
2024-07-08,Produto D,497.48,68,33828.64,20685.87
2024-07-09,Produto C,38.31,37,1417.47,1035.27
2024-07-10,Produto E,350.57,56,19631.92,11489.5
2024-07-11,Produto E,492.0,65,31980.0,16354.03
2024-07-12,Produto E,127.2,65,8268.0,5472.45
2024-07-13,Produto C,79.7,47,3745.9,2732.66
2024-07-14,Produto C,69.48,20,1389.6000000000001,590.94
2024-07-15,Produto B,158.6,19,3013.4,2141.67
2024-07-16,Produto D,59.51,29,1725.79,1257.51
2024-07-17,Produto A,349.16,74,25837.84,15105.04
2024-07-18,Produto E,40.52,60,2431.2000000000003,1928.73
2024-07-19,Produto B,259.62,18,4673.16,3339.83
2024-07-20,Produto A,498.38,92,45850.96,32529.65
2024-07-21,Produto B,408.85,35,14309.75,10004.45
2024-07-22,Produto C,311.46,43,13392.779999999999,6163.94
2024-07-23,Produto E,160.06,95,15205.7,7403.54
2024-07-24,Produto A,315.71,91,28729.609999999997,16823.95
2024-07-25,Produto A,268.25,11,2950.75,1491.9
2024-07-26,Produto A,218.78,49,10720.22,6068.68
2024-07-27,Produto A,74.05,38,2813.9,2125.58
2024-07-28,Produto A,444.44,64,28444.16,20756.58
2024-07-29,Produto B,230.39,69,15896.91,10365.04
2024-07-30,Produto E,105.37,8,842.96,626.53
2024-07-31,Produto C,190.2,34,6466.799999999999,4614.12
2024-08-01,Produto C,212.92,48,10220.16,5841.78
2024-08-02,Produto C,415.49,56,23267.440000000002,11178.28
2024-08-03,Produto C,369.47,76,28079.72,17007.34
2024-08-04,Produto B,386.96,65,25152.399999999998,17468.13
2024-08-05,Produto D,15.41,31,477.71,274.48
2024-08-06,Produto E,213.92,4,855.68,570.49
2024-08-07,Produto A,245.86,50,12293.0,5381.03
2024-08-08,Produto D,19.4,69,1338.6,935.95
2024-08-09,Produto C,137.31,30,4119.3,2986.84
2024-08-10,Produto D,382.54,88,33663.520000000004,22983.27
2024-08-11,Produto E,77.18,59,4553.620000000001,3583.27
2024-08-12,Produto A,272.3,67,18244.100000000002,13330.25
2024-08-13,Produto A,115.45,75,8658.75,6591.37
2024-08-14,Produto E,15.94,45,717.3,554.78
2024-08-15,Produto E,128.19,4,512.76,369.46
2024-08-16,Produto C,488.18,26,12692.68,8500.33
2024-08-17,Produto A,402.75,27,10874.25,4374.57
2024-08-18,Produto D,480.19,46,22088.74,12951.3
2024-08-19,Produto B,249.05,64,15939.2,10017.23
2024-08-20,Produto B,63.77,91,5803.070000000001,3026.95
2024-08-21,Produto E,278.5,51,14203.5,7488.68
2024-08-22,Produto C,232.64,50,11632.0,9124.88
2024-08-23,Produto B,423.73,6,2542.38,1923.78
2024-08-24,Produto A,58.06,59,3425.54,2533.77
2024-08-25,Produto E,249.24,15,3738.6000000000004,2102.61
2024-08-26,Produto D,83.52,30,2505.6,1015.97
2024-08-27,Produto E,169.09,42,7101.78,3068.6
2024-08-28,Produto D,371.3,37,13738.1,7210.83
2024-08-29,Produto E,243.25,42,10216.5,4150.93
2024-08-30,Produto E,194.19,35,6796.65,2765.28
2024-08-31,Produto E,203.29,87,17686.23,13558.99
2024-09-01,Produto D,235.13,6,1410.78,962.81
2024-09-02,Produto D,394.66,68,26836.88,14051.32
2024-09-03,Produto E,447.12,18,8048.16,3646.28
2024-09-04,Produto B,478.11,73,34902.03,21103.66
2024-09-05,Produto C,395.58,29,11471.82,4613.26
2024-09-06,Produto C,164.55,77,12670.35,9824.15
2024-09-07,Produto C,347.19,59,20484.21,11592.55
2024-09-08,Produto D,224.43,47,10548.210000000001,5916.85
2024-09-09,Produto D,134.79,17,2291.43,1274.58
2024-09-10,Produto B,422.03,96,40514.88,17329.48
2024-09-11,Produto C,28.83,22,634.26,415.65
2024-09-12,Produto C,451.86,68,30726.48,21299.64
2024-09-13,Produto E,236.12,69,16292.28,10923.16
2024-09-14,Produto D,322.23,37,11922.51,5429.2
2024-09-15,Produto C,333.08,49,16320.92,10307.25
2024-09-16,Produto B,448.61,13,5831.93,3661.25
2024-09-17,Produto B,321.97,34,10946.980000000001,8181.38
2024-09-18,Produto C,310.83,86,26731.379999999997,14746.39
2024-09-19,Produto D,42.66,53,2260.98,1240.36
2024-09-20,Produto B,264.02,87,22969.739999999998,14870.86
2024-09-21,Produto E,83.58,51,4262.58,2784.44
2024-09-22,Produto B,371.34,3,1114.02,654.73
2024-09-23,Produto A,260.99,42,10961.58,6327.28
2024-09-24,Produto A,343.31,98,33644.38,20107.87
2024-09-25,Produto D,30.42,32,973.44,724.65
2024-09-26,Produto C,51.55,51,2629.0499999999997,1536.59
